id,first_name,last_name,email,country,car,price
1,Lorne,Eykelbosch,leykelbosch0@google.com.au,Indonesia,XT,$186196.15
2,Rasia,Kermath,rkermath1@parallels.com,Indonesia,Q7,$149890.53
3,Adore,Harle,aharle2@wired.com,United States,Firebird,$209013.80
4,Joshia,Harbar,jharbar3@timesonline.co.uk,Brazil,Bonneville,$249876.38
5,Cesare,Perigo,cperigo4@sitemeter.com,China,LS,$107631.25
6,Mame,Deesly,mdeesly5@nhs.uk,North Korea,Camry,$144966.96
7,Drusie,Jameson,djameson6@ucoz.ru,Poland,4Runner,$20045.94
8,Kerby,Bickerdike,kbickerdike7@csmonitor.com,China,Durango,$211654.07
9,Bank,Stenet,bstenet8@arizona.edu,Indonesia,Wrangler,$202444.74
10,Roma,Eisak,reisak9@google.com.br,Portugal,Bravada,$125172.70
11,Willow,Archbutt,warchbutta@goo.gl,Portugal,RL,$33439.36
12,Chrysler,Ickovitz,cickovitzb@wisc.edu,Brazil,FX,$81717.32
13,Dacia,Matherson,dmathersonc@bloglovin.com,Sweden,9-7X,$494434.96
14,Bria,Doudney,bdoudneyd@uiuc.edu,Honduras,S8,$147955.98
15,Daphene,Greener,dgreenere@trellian.com,Peru,Grand Caravan,$349248.27
16,Jacquelin,Chaffe,jchaffef@reddit.com,China,Lanos,$245149.99
17,Lindi,Standeven,lstandeveng@irs.gov,Russia,TL,$279404.37
18,Dall,Napper,dnapperh@altervista.org,Mexico,Civic,$176832.54
19,Dorise,Piscopello,dpiscopelloi@4shared.com,China,Continental GTC,$408444.18
20,Eberhard,Conring,econringj@cam.ac.uk,Peru,600SL,$468298.26
21,Jorie,Terry,jterryk@eventbrite.com,Morocco,Trans Sport,$148236.49
22,Saunderson,Muschette,smuschettel@angelfire.com,Moldova,Legend,$436085.63
23,Rudie,Killingworth,rkillingworthm@hud.gov,France,Club Wagon,$127940.72
24,Halette,Pryn,hprynn@wisc.edu,Russia,CL,$46284.78
25,Shandee,Winstone,swinstoneo@nasa.gov,Peru,Oasis,$92567.69
26,Tammy,Routh,trouthp@webmd.com,Indonesia,62,$171662.54
27,Janelle,Crouse,jcrouseq@nytimes.com,Netherlands,Sidekick,$220576.71
28,Horace,Tallquist,htallquistr@reference.com,United States,Ram Van 1500,$44840.51
29,Ella,Sydenham,esydenhams@live.com,Argentina,Suburban 2500,$232330.66
30,Donella,Codner,dcodnert@mediafire.com,New Caledonia,Pajero,$432949.43
31,Hillary,Seckom,hseckomu@themeforest.net,Czech Republic,Grand Vitara,$62532.63
32,Andre,Kitchinghan,akitchinghanv@google.cn,Indonesia,Sonoma,$307686.72
33,Adam,Blackstock,ablackstockw@vinaora.com,Yemen,F250,$439613.21
34,Terrye,Rosentholer,trosentholerx@goo.gl,Pakistan,EX,$38327.76
35,Kenyon,Yeiles,kyeilesy@dagondesign.com,Ivory Coast,Mustang,$251079.63
36,Jarrid,Thurston,jthurstonz@ucoz.ru,Serbia,Pathfinder,$382919.35
37,Alfie,Edland,aedland10@multiply.com,Brazil,Sable,$237710.87
38,Thorn,Preator,tpreator11@furl.net,Mexico,XK Series,$19929.60
39,Solly,Backen,sbacken12@utexas.edu,United States,Mirage,$396855.34
40,Cyndia,O' Clovan,coclovan13@mtv.com,Russia,XLR,$294539.99
41,Kimberlee,Sinclaire,ksinclaire14@weebly.com,Indonesia,Silverado 2500,$161141.39
42,Randie,Tratton,rtratton15@yandex.ru,Netherlands,Maxima,$413733.84
43,Tobias,Joynes,tjoynes16@epa.gov,Japan,Versa,$366415.07
44,Smitty,Beange,sbeange17@theatlantic.com,Malaysia,Accord,$261777.83
45,Bria,Titley,btitley18@hatena.ne.jp,Benin,Sierra 1500,$462782.44
46,Manuel,Smither,msmither19@intel.com,Ukraine,Scirocco,$83693.37
47,Andee,Faulder,afaulder1a@clickbank.net,United States,Chariot,$201605.96
48,Sean,Brosini,sbrosini1b@theguardian.com,China,CL-Class,$148681.72
49,Cleveland,Mursell,cmursell1c@cmu.edu,Indonesia,DTS,$269856.78
50,Galven,Seedman,gseedman1d@redcross.org,Poland,Voyager,$138613.34
51,Karalynn,Borghese,kborghese1e@mozilla.com,Japan,Navigator,$287718.50
52,Stacie,Uppett,suppett1f@answers.com,China,Town & Country,$405712.58
53,Fonzie,Duignan,fduignan1g@google.co.uk,Iran,Allroad,$57716.01
54,Fair,Castellaccio,fcastellaccio1h@friendfeed.com,Argentina,Scirocco,$70512.28
55,Bobinette,Jepson,bjepson1i@w3.org,China,Explorer Sport,$464490.87
56,Trumann,Girodier,tgirodier1j@ycombinator.com,Canada,Corvette,$456852.57
57,Ax,Eagers,aeagers1k@scribd.com,Nigeria,Town Car,$196494.55
58,Binnie,Elkington,belkington1l@auda.org.au,Finland,Elise,$430087.61
59,Cyndia,Gilbeart,cgilbeart1m@xinhuanet.com,Philippines,M-Class,$84265.87
60,Nigel,Dogerty,ndogerty1n@auda.org.au,China,C-Class,$251365.89
61,Wilow,Decaze,wdecaze1o@omniture.com,Portugal,Spirit,$447384.55
62,Kath,MacCome,kmaccome1p@theglobeandmail.com,Sri Lanka,CR-V,$390893.02
63,Berry,Eger,beger1q@admin.ch,China,Dakota,$282327.87
64,Lelah,Loudian,lloudian1r@moonfruit.com,Nigeria,Voyager,$122326.05
65,Nedi,Cattanach,ncattanach1s@trellian.com,Philippines,Cabriolet,$439575.54
66,Philippe,Goodayle,pgoodayle1t@geocities.jp,South Korea,Durango,$335551.00
67,Olva,Watsam,owatsam1u@deliciousdays.com,United States,Spectra5,$84042.53
68,Mar,Tather,mtather1v@mapquest.com,Russia,S8,$279580.38
69,Sterling,Gilburt,sgilburt1w@seattletimes.com,Portugal,B-Series,$66154.36
70,Anette,Dauber,adauber1x@shutterfly.com,China,Integra,$161596.56
71,Jaime,Bielfeld,jbielfeld1y@bizjournals.com,Indonesia,Z4,$254354.70
72,Veronika,Leonard,vleonard1z@noaa.gov,Serbia,F-Series Super Duty,$141325.07
73,Fiann,Indgs,findgs20@vk.com,Ecuador,Camaro,$163050.47
74,Brandon,Barlee,bbarlee21@hubpages.com,Belarus,Maxima,$491986.87
75,Fifine,Sidry,fsidry22@pagesperso-orange.fr,China,Lancer,$418363.43
76,Kanya,Hannaby,khannaby23@youtube.com,France,Suburban 2500,$193649.73
77,Natale,Bullier,nbullier24@youtube.com,Sweden,7 Series,$187904.04
78,Hunt,Wealleans,hwealleans25@hexun.com,Mexico,RAV4,$373966.82
79,Tiertza,Wardroper,twardroper26@wikipedia.org,Russia,Challenger,$287438.58
80,Arabela,Molian,amolian27@paypal.com,Indonesia,Miata MX-5,$37690.45
81,Theo,Estable,testable28@etsy.com,Argentina,E-350 Super Duty Van,$298978.33
82,Gasper,Wadesworth,gwadesworth29@tinypic.com,United States,Econoline E150,$319869.09
83,Shina,Ballefant,sballefant2a@shareasale.com,Slovenia,Sebring,$3327.91
84,Matty,Fraczek,mfraczek2b@bing.com,Ethiopia,SL-Class,$69162.98
85,Jami,Ledbetter,jledbetter2c@macromedia.com,Ukraine,Mustang,$385036.79
86,Bryan,Halleybone,bhalleybone2d@google.com.br,Poland,Savana 2500,$96625.40
87,Kimberlyn,Saleway,ksaleway2e@blogspot.com,South Africa,Corvette,$352507.93
88,Kassie,Roswarne,kroswarne2f@deviantart.com,Senegal,Datsun/Nissan Z-car,$423850.11
89,Bryant,Petronis,bpetronis2g@jalbum.net,Argentina,Cooper Clubman,$257021.77
90,Boris,De Vaan,bdevaan2h@bravesites.com,Philippines,Impala,$370528.96
91,Cordey,Donalson,cdonalson2i@dailymotion.com,Russia,Tahoe,$209918.52
92,Amalie,Mold,amold2j@nbcnews.com,China,Sable,$316996.00
93,Aurlie,Dust,adust2k@domainmarket.com,Jordan,Blazer,$237760.38
94,Nora,Chipman,nchipman2l@rambler.ru,Thailand,Elantra,$339881.91
95,Jone,Mattaus,jmattaus2m@ucoz.ru,Sweden,Probe,$431549.54
96,Ardene,Coolahan,acoolahan2n@dailymail.co.uk,United States,TT,$348819.82
97,Thalia,Cars,tcars2o@slashdot.org,Brazil,Sable,$329859.07
98,Jennee,Bilfoot,jbilfoot2p@wired.com,China,Grand Prix,$288266.83
99,Madalena,Pennone,mpennone2q@arizona.edu,Indonesia,Mustang,$160085.74
100,Chiquita,Happer,chapper2r@nsw.gov.au,Indonesia,Safari,$344447.82
101,Trudy,Schultz,tschultz2s@slate.com,China,Grand Prix,$436459.90
102,Antonie,Turbill,aturbill2t@example.com,China,Savana 1500,$292176.73
103,Abba,Browell,abrowell2u@smugmug.com,China,QX56,$217989.43
104,Shadow,Nazer,snazer2v@weibo.com,China,E-Class,$278789.48
105,Jacob,Yo,jyo2w@themeforest.net,Reunion,Odyssey,$326748.21
106,Forrest,Menure,fmenure2x@1688.com,Russia,Rio,$332842.34
107,Lorens,Giacopelo,lgiacopelo2y@icq.com,Brazil,88,$363554.59
108,Margy,Kinsey,mkinsey2z@japanpost.jp,Laos,Land Cruiser,$52245.19
109,Beverley,Poutress,bpoutress30@desdev.cn,Ireland,Mazda6,$140446.98
110,Krystalle,Waylett,kwaylett31@usgs.gov,Indonesia,Ram,$339111.68
111,Estele,Very,every32@printfriendly.com,Morocco,Country,$18499.32
112,Lorie,Breadon,lbreadon33@cdbaby.com,Germany,2500,$245420.75
113,Jessa,Dikelin,jdikelin34@dagondesign.com,Ireland,4Runner,$56062.24
114,Haven,Kissack,hkissack35@jimdo.com,Poland,Vandura 3500,$14079.75
115,Gwenora,Ceeley,gceeley36@ebay.com,China,Thunderbird,$426987.03
116,Blondelle,Niesing,bniesing37@blogs.com,China,Taurus,$418311.84
117,Faith,Adshead,fadshead38@bloomberg.com,China,Dakota,$2725.79
118,Nicolea,Housaman,nhousaman39@people.com.cn,Indonesia,Daewoo Lacetti,$455398.58
119,Jarrett,Ciubutaro,jciubutaro3a@go.com,China,X5,$245556.32
120,Jean,Dysart,jdysart3b@slate.com,Poland,Avalanche,$337903.47
121,Zoe,Cluney,zcluney3c@elpais.com,China,Caprice,$61158.51
122,Layne,Bartolini,lbartolini3d@merriam-webster.com,Palestinian Territory,F150,$445075.42
123,Dirk,Scampion,dscampion3e@admin.ch,Yemen,Passport,$438510.70
124,Jarib,Harken,jharken3f@phoca.cz,France,4000s Quattro,$428710.56
125,Padraig,Horrod,phorrod3g@soundcloud.com,China,TrailBlazer,$239045.57
126,Sibelle,Gipps,sgipps3h@edublogs.org,Portugal,Ram 3500,$196106.20
127,Myriam,Kelsall,mkelsall3i@blogspot.com,United States,Seville,$491996.37
128,Adena,O'Sheerin,aosheerin3j@deviantart.com,Philippines,MDX,$230041.16
129,Ira,Cuttin,icuttin3k@senate.gov,Luxembourg,Aspire,$221207.51
130,Mario,McCauley,mmccauley3l@columbia.edu,China,745,$247912.01
131,Rosanne,Valerius,rvalerius3m@live.com,Armenia,Outlook,$273935.17
132,Zorah,Chalcroft,zchalcroft3n@bigcartel.com,China,Impala,$331615.52
133,Hershel,Klugel,hklugel3o@vimeo.com,Russia,FX,$459999.07
134,Geordie,MacAindreis,gmacaindreis3p@cyberchimps.com,United States,Dakota Club,$347690.34
135,Ami,Nussgen,anussgen3q@yandex.ru,Indonesia,RX-8,$362302.59
136,Berthe,Kobierra,bkobierra3r@mit.edu,China,A8,$19650.31
137,Megan,Brydone,mbrydone3s@ning.com,Russia,Sportvan G20,$326202.86
138,Allie,Smither,asmither3t@ustream.tv,Norway,XG300,$75230.50
139,Jaynell,Yorkston,jyorkston3u@engadget.com,Poland,Fusion,$166594.72
140,Ernestine,Johansson,ejohansson3v@dmoz.org,Peru,Mustang,$490335.51
141,Garold,Krochmann,gkrochmann3w@bizjournals.com,Ireland,G-Series G20,$396038.18
142,Caty,Presnall,cpresnall3x@amazon.co.jp,Russia,Capri,$491667.49
143,Fionna,Minnis,fminnis3y@google.com.hk,Ecuador,F250,$12571.04
144,Daloris,Arrington,darrington3z@npr.org,China,Tercel,$301546.74
145,Grange,Tamlett,gtamlett40@booking.com,Philippines,C8 Laviolette,$38236.21
146,Bondon,Forrester,bforrester41@springer.com,Indonesia,ES,$358309.80
147,Jorey,Willgoss,jwillgoss42@nbcnews.com,China,Genesis,$422142.72
148,Georgie,Genty,ggenty43@economist.com,China,Type 2,$18084.07
149,Carla,Bunn,cbunn44@storify.com,Canada,968,$476837.07
150,Maje,Rickardes,mrickardes45@imgur.com,Azerbaijan,Firebird,$470013.16
151,Kerianne,Sleany,ksleany46@reddit.com,United States,Enclave,$350936.21
152,Tabby,Standish,tstandish47@artisteer.com,France,Esprit,$360260.94
153,Steffen,Allatt,sallatt48@nifty.com,Portugal,9-5,$435673.06
154,Nadia,Branford,nbranford49@shop-pro.jp,Japan,Silverado,$283289.53
155,Kessia,Gethen,kgethen4a@studiopress.com,China,Skylark,$35173.14
156,Kalli,Chamberlin,kchamberlin4b@patch.com,Philippines,Range Rover,$146540.99
157,Bendick,Haney`,bhaney4c@thetimes.co.uk,Russia,Genesis,$390002.06
158,Ricca,Lamplugh,rlamplugh4d@altervista.org,United States,Cirrus,$207647.70
159,Bobbee,Dibble,bdibble4e@instagram.com,China,Express 1500,$339483.22
160,Belva,Cheshir,bcheshir4f@elpais.com,Indonesia,Coachbuilder,$45568.78
161,Daryn,Gedling,dgedling4g@aol.com,Portugal,Avenger,$422042.56
162,Sacha,Masterson,smasterson4h@nature.com,Canada,Accord,$65252.05
163,Tommie,Loddon,tloddon4i@disqus.com,China,Escalade ESV,$19865.11
164,Lindy,Warham,lwarham4j@ca.gov,China,Solstice,$198936.75
165,Patrica,Wick,pwick4k@wikispaces.com,Poland,Compass,$38392.28
166,Pansy,Szubert,pszubert4l@cnbc.com,China,Silverado 1500,$68934.22
167,Gaye,Bartley,gbartley4m@vkontakte.ru,Philippines,Thunderbird,$343398.49
168,Otis,Beddie,obeddie4n@google.ca,Mongolia,Rio,$351548.18
169,Trevar,Jellman,tjellman4o@blinklist.com,China,Continental Flying Spur,$446623.81
170,Eartha,Heyfield,eheyfield4p@multiply.com,Philippines,W201,$479977.16
171,Lindsy,Persian,lpersian4q@amazonaws.com,China,RL,$152852.62
172,Arther,Bohman,abohman4r@marketwatch.com,China,Mirage,$114339.20
173,Myriam,Dicky,mdicky4s@mapquest.com,Poland,Titan,$130170.11
174,Jessalyn,Kane,jkane4t@sitemeter.com,Brazil,Vandura 1500,$60479.43
175,Derwin,Cordsen,dcordsen4u@walmart.com,Philippines,Spectra,$287315.30
176,Zsa zsa,Simone,zsimone4v@ucoz.com,Iran,Crossfire,$444192.51
177,Justinian,Lambourne,jlambourne4w@symantec.com,Indonesia,Malibu,$430441.62
178,Kiah,Narducci,knarducci4x@gravatar.com,China,Caravan,$100795.25
179,Bryanty,Barwis,bbarwis4y@unicef.org,Sweden,VUE,$179323.04
180,Fraze,MacMenemy,fmacmenemy4z@cloudflare.com,Czech Republic,Aspen,$92740.93
181,Christan,Cassin,ccassin50@domainmarket.com,Norway,Z3,$106225.96
182,Nara,Toby,ntoby51@ox.ac.uk,Armenia,Rapide,$188340.65
183,Leonid,Guyonneau,lguyonneau52@shutterfly.com,Indonesia,Elantra,$494877.30
184,Lorraine,Jarrard,ljarrard53@ycombinator.com,Thailand,M3,$208412.26
185,Christian,Jannasch,cjannasch54@zimbio.com,Indonesia,Crown Victoria,$71629.31
186,Robby,Striker,rstriker55@123-reg.co.uk,Philippines,XL7,$320022.39
187,Kingsley,Berrill,kberrill56@cmu.edu,Sierra Leone,S10,$324211.91
188,Molly,Burgher,mburgher57@artisteer.com,France,Escalade EXT,$268015.98
189,Giorgi,Benley,gbenley58@ftc.gov,China,Yukon XL 1500,$72549.85
190,Abel,Lidgate,alidgate59@epa.gov,Azerbaijan,Rockette,$347862.74
191,Toby,Woodrooffe,twoodrooffe5a@youtu.be,China,Caravan,$412237.16
192,Lenora,Jakobsson,ljakobsson5b@cargocollective.com,China,Mariner,$194015.71
193,Harriott,Woolston,hwoolston5c@ifeng.com,Philippines,Q,$494342.58
194,Moises,Belamy,mbelamy5d@amazonaws.com,China,612 Scaglietti,$404395.98
195,Morse,Cunradi,mcunradi5e@theatlantic.com,Brazil,88,$300455.62
196,Eduard,Tocknell,etocknell5f@cafepress.com,Russia,911,$492892.01
197,Martha,Parris,mparris5g@weibo.com,Indonesia,C70,$268552.24
198,Quent,Gorring,qgorring5h@rakuten.co.jp,Poland,Azure,$287032.72
199,Bonny,Tournay,btournay5i@europa.eu,Ethiopia,TL,$436709.73
200,Crissie,Slafford,cslafford5j@dagondesign.com,Lithuania,C-Class,$276442.84
201,Micki,Stonebridge,mstonebridge5k@prlog.org,Indonesia,Grand Am,$245840.57
202,Sawyere,Raftery,sraftery5l@adobe.com,Indonesia,QX,$229064.33
203,Marjie,Winter,mwinter5m@shareasale.com,Philippines,ES,$426102.01
204,Townsend,Weddup,tweddup5n@apache.org,China,Coachbuilder,$334687.65
205,Suzi,Sullly,ssullly5o@typepad.com,Indonesia,Golf,$480853.62
206,Emile,Scarsbrick,escarsbrick5p@newyorker.com,Burundi,E-Series,$407670.03
207,Rolando,Pauletti,rpauletti5q@deliciousdays.com,Indonesia,Grand Prix,$379178.90
208,Indira,Pither,ipither5r@answers.com,Poland,Discovery Series II,$431128.22
209,Myrlene,Le Breton,mlebreton5s@bloomberg.com,Burkina Faso,C70,$22664.43
210,Randa,Heenan,rheenan5t@npr.org,Netherlands,TT,$372794.52
211,Vonnie,Balassi,vbalassi5u@odnoklassniki.ru,Equatorial Guinea,Contour,$420189.15
212,Tamarra,Maren,tmaren5v@dailymotion.com,Indonesia,Range Rover,$393597.92
213,Stefa,Wemes,swemes5w@mozilla.org,Poland,Durango,$482091.51
214,Nichols,McAuley,nmcauley5x@macromedia.com,Philippines,DBS,$283804.76
215,Rog,Palfreeman,rpalfreeman5y@comcast.net,China,300M,$208432.94
216,Chucho,Dilnot,cdilnot5z@yale.edu,New Zealand,Crossfire,$16355.84
217,Roanna,Sneezum,rsneezum60@clickbank.net,China,G5,$484858.74
218,Nessi,Abramow,nabramow61@addtoany.com,Greece,Defender,$305528.73
219,Ivory,Artinstall,iartinstall62@eepurl.com,China,Talon,$439329.27
220,Cornall,Adamo,cadamo63@gnu.org,Indonesia,MX-5,$178670.88
221,Harmony,Southouse,hsouthouse64@goodreads.com,Thailand,Gallardo,$111491.93
222,Isahella,Pickthorne,ipickthorne65@squidoo.com,China,Justy,$410677.51
223,Marthe,Fallow,mfallow66@stanford.edu,Norway,Daewoo Magnus,$420715.93
224,John,Caress,jcaress67@weather.com,Mexico,Century,$334686.46
225,Llewellyn,Bruyett,lbruyett68@wikia.com,Morocco,Camry,$472131.39
226,Allin,Eschelle,aeschelle69@devhub.com,Indonesia,Firebird Formula,$26396.92
227,Orlando,Paoletto,opaoletto6a@godaddy.com,China,Rocky,$81800.07
228,Carrie,Danilewicz,cdanilewicz6b@hud.gov,Indonesia,Monte Carlo,$343923.69
229,Kaylil,Marconi,kmarconi6c@wunderground.com,Japan,XJ Series,$90405.77
230,Cherise,Coulthard,ccoulthard6d@ocn.ne.jp,Iran,Escalade,$389063.94
231,Philomena,Espada,pespada6e@hp.com,Uruguay,XJ Series,$5423.22
232,Jarrid,Ellis,jellis6f@about.me,Indonesia,Eclipse,$6682.09
233,Emmalyn,Leare,eleare6g@myspace.com,Latvia,Riviera,$446604.98
234,Gannie,Nowakowski,gnowakowski6h@rediff.com,Colombia,Charade,$4352.64
235,Asher,Dunning,adunning6i@youtube.com,China,LHS,$369925.29
236,Chick,Wintersgill,cwintersgill6j@bluehost.com,Russia,G-Class,$354436.41
237,Allix,Silber,asilber6k@craigslist.org,Tunisia,Grand Marquis,$17409.10
238,Murry,Curtis,mcurtis6l@cam.ac.uk,Indonesia,Tribute,$271021.74
239,Andrew,Hunton,ahunton6m@qq.com,Morocco,Grand Am,$268487.17
240,Dana,Raubheim,draubheim6n@bloomberg.com,Honduras,Express 2500,$247077.90
241,Margareta,Dobrowski,mdobrowski6o@hugedomains.com,Syria,Express,$98497.00
242,Nat,Vater,nvater6p@tuttocitta.it,Malaysia,Galant,$37886.43
243,Maximilianus,Doiley,mdoiley6q@senate.gov,Russia,Escalade EXT,$422147.85
244,Kath,Katte,kkatte6r@infoseek.co.jp,Russia,Cube,$253800.20
245,Tiebold,Baynes,tbaynes6s@twitter.com,Bahrain,Tucson,$462353.68
246,Cassie,Ebbers,cebbers6t@shareasale.com,Indonesia,Sedona,$490613.23
247,Monroe,Gallafant,mgallafant6u@bravesites.com,Australia,F350,$425409.41
248,Corina,Kingswold,ckingswold6v@dailymotion.com,Indonesia,LeSabre,$64415.96
249,Brandy,Bramford,bbramford6w@sitemeter.com,Indonesia,Sierra 3500HD,$185557.12
250,Matthus,Willox,mwillox6x@unc.edu,Sweden,Jetta,$481180.10
251,Viviyan,Kubat,vkubat6y@samsung.com,United States,S10,$246417.52
252,Floria,De Luna,fdeluna6z@zimbio.com,China,Explorer,$199696.28
253,Philipa,Truswell,ptruswell70@sbwire.com,Tajikistan,Odyssey,$120763.77
254,Roma,Canfer,rcanfer71@skype.com,France,Aspire,$453247.17
255,Jeremiah,Whittingham,jwhittingham72@ft.com,Indonesia,Ram 2500 Club,$251808.63
256,Falkner,Kohrding,fkohrding73@nbcnews.com,Cuba,Rockette,$249085.78
257,Abram,Swyn,aswyn74@amazon.co.jp,Indonesia,Borrego,$29245.57
258,Jasper,Miguet,jmiguet75@angelfire.com,China,del Sol,$345347.35
259,Emalee,Winspar,ewinspar76@huffingtonpost.com,Indonesia,Sentra,$211656.23
260,Kristo,Gerb,kgerb77@hud.gov,China,911,$18812.81
261,Carlie,Huxster,chuxster78@flavors.me,Indonesia,Optima,$291170.96
262,Emelda,Andrin,eandrin79@xinhuanet.com,China,Silverado 2500,$396417.33
263,Colman,Seppey,cseppey7a@google.de,Argentina,7 Series,$369953.78
264,Tobias,Rusbridge,trusbridge7b@constantcontact.com,Brazil,RX-8,$481780.38
265,Davey,Meuse,dmeuse7c@fotki.com,Kenya,Colorado,$335986.78
266,Margaretta,Dockwray,mdockwray7d@bloomberg.com,Colombia,Explorer,$322584.74
267,Dex,Zukerman,dzukerman7e@gizmodo.com,Indonesia,Eurovan,$379449.15
268,Padget,Behning,pbehning7f@salon.com,Indonesia,Corolla,$247354.01
269,Winne,Baptie,wbaptie7g@state.gov,Senegal,Cherokee,$68327.94
270,Ava,Yarker,ayarker7h@nih.gov,China,Z3,$225802.36
271,Bailey,Vequaud,bvequaud7i@twitpic.com,Kenya,525,$423533.64
272,Reeba,Blitzer,rblitzer7j@cnn.com,China,Safari,$474811.90
273,Rod,Ledrane,rledrane7k@japanpost.jp,Indonesia,164,$104920.54
274,Gaynor,Eastwell,geastwell7l@youku.com,Indonesia,Summit,$274998.97
275,Finlay,Evamy,fevamy7m@mozilla.com,Uruguay,Camaro,$95379.83
276,Grier,Dana,gdana7n@digg.com,Russia,Charger,$200742.22
277,Florencia,Wilcockes,fwilcockes7o@prweb.com,United States,300SD,$106201.38
278,Udall,Westoff,uwestoff7p@ow.ly,China,Park Avenue,$17409.04
279,Danila,Dyball,ddyball7q@state.gov,Mexico,6 Series,$283284.12
280,Linn,Macvain,lmacvain7r@tamu.edu,Colombia,Corsica,$474919.57
281,Stacee,Webby,swebby7s@trellian.com,Iran,Corvette,$341109.50
282,Margareta,Friar,mfriar7t@yellowbook.com,Nigeria,Stealth,$376074.65
283,Odelle,Luciano,oluciano7u@trellian.com,Mongolia,Express 1500,$469692.00
284,Misha,Loveguard,mloveguard7v@macromedia.com,Peru,CLK-Class,$67860.57
285,Dill,Danahar,ddanahar7w@dailymail.co.uk,Mexico,MPV,$103123.57
286,Dorthea,Grabiec,dgrabiec7x@wired.com,Russia,S40,$499845.57
287,Robinette,Maystone,rmaystone7y@pagesperso-orange.fr,Indonesia,Silverado 1500,$297107.33
288,Ceil,Egar,cegar7z@huffingtonpost.com,Indonesia,Escalade ESV,$251993.71
289,Pernell,Dorkins,pdorkins80@studiopress.com,Israel,XC90,$92261.75
290,Piggy,Late,plate81@t-online.de,Finland,Monte Carlo,$363123.97
291,Basilio,Myrick,bmyrick82@thetimes.co.uk,Philippines,Club Wagon,$39877.93
292,Julio,Bark,jbark83@yellowpages.com,Vietnam,Golf,$377380.55
293,Hetti,Bethel,hbethel84@jimdo.com,Mongolia,C70,$234914.03
294,Babs,Scudamore,bscudamore85@dropbox.com,China,Firebird Formula,$126229.21
295,Maximilien,Mattei,mmattei86@imdb.com,Czech Republic,Impreza,$475114.10
296,Barbey,Whatling,bwhatling87@who.int,United States,SVX,$426841.37
297,Edouard,Servis,eservis88@smh.com.au,Malta,Ram 3500,$105529.91
298,Hertha,Biggadike,hbiggadike89@dell.com,Malaysia,Explorer Sport Trac,$306901.11
299,Zahara,Glenfield,zglenfield8a@t.co,China,Tahoe,$323661.29
300,Hester,Breckenridge,hbreckenridge8b@mail.ru,Turkmenistan,CLK-Class,$498769.33
301,Harrie,Lenden,hlenden8c@bandcamp.com,Argentina,Quest,$382563.98
302,Findley,Percy,fpercy8d@theguardian.com,Russia,Savana 1500,$252245.96
303,Daffy,Radage,dradage8e@examiner.com,Indonesia,Bronco II,$40004.63
304,Jonah,Davidek,jdavidek8f@xinhuanet.com,Sweden,Tracer,$284517.88
305,Lorie,Fleury,lfleury8g@altervista.org,Philippines,CL,$262428.29
306,Enrique,Chastand,echastand8h@npr.org,Philippines,Suburban 1500,$242875.28
307,Dick,Custy,dcusty8i@ft.com,China,Quattroporte,$235758.22
308,Deborah,Webermann,dwebermann8j@scribd.com,Finland,RX,$146796.83
309,Adolph,Nisco,anisco8k@surveymonkey.com,Japan,940,$211627.59
310,Minda,Greville,mgreville8l@networkadvertising.org,Indonesia,Grand Prix,$163019.67
311,Artemis,Widdup,awiddup8m@goodreads.com,Czech Republic,SL-Class,$420025.91
312,Stacy,Woodberry,swoodberry8n@i2i.jp,Bosnia and Herzegovina,Sorento,$95018.96
313,Merill,Petrov,mpetrov8o@bbc.co.uk,Russia,Commander,$216618.60
314,Nilson,Schwandermann,nschwandermann8p@globo.com,Indonesia,Cooper,$221607.80
315,Annnora,Bockings,abockings8q@storify.com,Russia,Caliber,$179916.47
316,Arlena,Meech,ameech8r@istockphoto.com,France,Ridgeline,$18831.79
317,Sullivan,Aylwin,saylwin8s@parallels.com,Greece,GTI,$44086.09
318,Brian,Viggers,bviggers8t@gmpg.org,United States,Villager,$402023.50
319,Consuelo,Nesey,cnesey8u@webeden.co.uk,France,SL-Class,$458969.42
320,Herschel,Duny,hduny8v@plala.or.jp,Finland,LeMans,$398044.36
321,Carrissa,Rosell,crosell8w@yellowpages.com,Cameroon,Tacoma Xtra,$126908.43
322,Tannie,Boise,tboise8x@php.net,Indonesia,Odyssey,$359194.79
323,Gabriele,Twinborough,gtwinborough8y@skype.com,Russia,Scirocco,$137184.17
324,Clarette,Bradock,cbradock8z@sciencedirect.com,Peru,Rainier,$26548.54
325,Brooke,Bryers,bbryers90@discovery.com,Norway,57,$194371.23
326,Wendall,Ruckert,wruckert91@mtv.com,Ireland,B-Series,$136848.22
327,Aluin,Djekic,adjekic92@walmart.com,Russia,Leone,$271121.05
328,Moise,Munt,mmunt93@biglobe.ne.jp,China,E-Series,$133643.37
329,Orelia,Olivari,oolivari94@nationalgeographic.com,Sweden,Dakota,$156149.71
330,Laraine,Kobel,lkobel95@engadget.com,China,S90,$164862.94
331,Sanford,Kirkham,skirkham96@dot.gov,Brazil,Armada,$143422.47
332,Carlos,Airy,cairy97@opensource.org,Indonesia,Eclipse,$487056.99
333,Arda,Evamy,aevamy98@godaddy.com,China,Century,$198988.94
334,Maggy,Gabel,mgabel99@trellian.com,Syria,Accord,$273365.28
335,Jerald,Harlin,jharlin9a@unblog.fr,Argentina,Lumina,$186151.73
336,Constancy,Farran,cfarran9b@vistaprint.com,Indonesia,Mustang,$486172.65
337,Luce,Davidove,ldavidove9c@wired.com,China,Raider,$115553.48
338,Orelee,Suller,osuller9d@boston.com,Argentina,NSX,$66482.96
339,Byram,Rushford,brushford9e@cbslocal.com,Colombia,Sonata,$350863.94
340,Frieda,Teale,fteale9f@parallels.com,Tajikistan,Camaro,$413696.47
341,Englebert,Casbon,ecasbon9g@elegantthemes.com,China,Savana 3500,$244276.52
342,Jamill,Brenneke,jbrenneke9h@latimes.com,Indonesia,Armada,$186556.23
343,Garek,Pottage,gpottage9i@indiatimes.com,Portugal,Aero 8,$170738.17
344,Wendy,Dyet,wdyet9j@lulu.com,China,Land Cruiser,$7652.61
345,Eustacia,Gurys,egurys9k@trellian.com,China,T100,$255975.34
346,Ase,Gavan,agavan9l@columbia.edu,Indonesia,FX,$234927.11
347,Cos,Tremellier,ctremellier9m@histats.com,Mexico,Cougar,$95509.08
348,Diena,Jikylls,djikylls9n@parallels.com,Indonesia,B-Series Plus,$451536.24
349,Emmalynn,Argabrite,eargabrite9o@example.com,Thailand,626,$100575.25
350,Audre,Pirrey,apirrey9p@altervista.org,Vietnam,Edge,$460422.33
351,Ardyce,Dilleway,adilleway9q@freewebs.com,Indonesia,Justy,$85915.64
352,Noby,Blowers,nblowers9r@dedecms.com,Pakistan,Ram 1500,$155513.96
353,Merrel,Stammer,mstammer9s@hp.com,China,4Runner,$222518.86
354,Sharity,Benninger,sbenninger9t@diigo.com,Australia,Passport,$278022.76
355,Karry,Haslam,khaslam9u@surveymonkey.com,Czech Republic,LS Hybrid,$442877.92
356,Joannes,Colton,jcolton9v@reference.com,Indonesia,Vandura 2500,$56525.66
357,Kimberlyn,Greir,kgreir9w@yahoo.com,Brazil,A8,$288144.14
358,Victoria,Loding,vloding9x@wikimedia.org,United States,CC,$438370.32
359,Issy,Corley,icorley9y@deviantart.com,Indonesia,S80,$429218.84
360,Catarina,Waldera,cwaldera9z@forbes.com,Russia,EX,$7110.81
361,Cherlyn,Wyeth,cwyetha0@devhub.com,Ireland,Town & Country,$246360.81
362,Nerissa,Beesley,nbeesleya1@themeforest.net,China,Sierra 3500,$36504.37
363,Magdalene,FitzAlan,mfitzalana2@twitter.com,Nigeria,E-Class,$485563.54
364,Pinchas,Tinston,ptinstona3@tinypic.com,Mongolia,Elantra,$149640.72
365,Carly,Carbry,ccarbrya4@skype.com,Thailand,Express 1500,$56975.84
366,Benoite,Ackrill,backrilla5@cafepress.com,Argentina,Element,$445940.32
367,Tadd,Larne,tlarnea6@scribd.com,Democratic Republic of the Congo,Crown Victoria,$201637.53
368,Gregorius,Scarbarrow,gscarbarrowa7@dot.gov,Sweden,LHS,$406711.77
369,Jasmin,Shortall,jshortalla8@xing.com,Ukraine,TL,$175050.67
370,Karlotte,Orleton,korletona9@github.io,United States,Aspen,$78329.17
371,Tobie,Palke,tpalkeaa@digg.com,Mexico,Frontier,$262401.86
372,Jayme,Matthius,jmatthiusab@ow.ly,France,Murano,$373312.92
373,Cesare,Follin,cfollinac@alibaba.com,China,Armada,$92166.15
374,Isidro,Schanke,ischankead@nih.gov,China,New Beetle,$344093.50
375,Hamel,Landall,hlandallae@tamu.edu,Indonesia,Bonneville,$263552.25
376,Tamma,Aronovitz,taronovitzaf@apache.org,United States,Fusion,$230552.56
377,See,Granville,sgranvilleag@lulu.com,France,Monterey,$204356.83
378,Dee,Matteo,dmatteoah@hp.com,Czech Republic,Soul,$110475.76
379,Loria,Petteford,lpettefordai@mapy.cz,Indonesia,Freelander,$95783.06
380,Worthington,Bodocs,wbodocsaj@biblegateway.com,Nauru,Mirage,$86049.81
381,Vale,Burdge,vburdgeak@eepurl.com,Portugal,S60,$442821.80
382,Saul,Taylo,stayloal@zimbio.com,Czech Republic,Continental,$120687.51
383,Anna-diane,Standbrook,astandbrookam@europa.eu,Argentina,Caravan,$187940.24
384,Doroteya,Balentyne,dbalentynean@com.com,Indonesia,JUKE,$365499.14
385,Leif,Fishe,lfisheao@nydailynews.com,Philippines,Regal,$387548.65
386,Lolly,Cord,lcordap@purevolume.com,Bulgaria,S10,$486850.54
387,Jillene,Wickendon,jwickendonaq@jiathis.com,China,Camaro,$465480.71
388,Joshia,Retallack,jretallackar@prnewswire.com,China,Range Rover,$166088.56
389,Roselle,Martindale,rmartindaleas@weebly.com,Netherlands,Navajo,$491403.68
390,Tamma,Oppery,topperyat@tamu.edu,China,200,$418218.86
391,Milo,Murkin,mmurkinau@alexa.com,France,Rapide,$72540.38
392,Starr,Maton,smatonav@sina.com.cn,Japan,Charger,$76174.53
393,Baron,Klossek,bklossekaw@engadget.com,Indonesia,Q,$356952.99
394,Beatriz,Bellay,bbellayax@salon.com,Myanmar,Skyhawk,$109957.14
395,Bowie,Janaszewski,bjanaszewskiay@answers.com,Japan,Oasis,$310486.52
396,Guthrey,Spir,gspiraz@meetup.com,Russia,Kizashi,$407848.30
397,Nicholle,Attenbarrow,nattenbarrowb0@goodreads.com,China,B-Series,$496707.63
398,Stanislaw,Cuthill,scuthillb1@foxnews.com,Brazil,Skylark,$163318.03
399,Emyle,Ragless,eraglessb2@360.cn,Argentina,Forester,$196351.13
400,Ebenezer,Gravenall,egravenallb3@addtoany.com,Peru,Explorer Sport,$47871.66
401,Helen-elizabeth,Ahrendsen,hahrendsenb4@constantcontact.com,China,430,$474979.66
402,Marje,Maciunas,mmaciunasb5@miitbeian.gov.cn,China,LS,$179118.70
403,Amberly,Lebrun,alebrunb6@elpais.com,Dominican Republic,Murciélago,$92156.73
404,Jenni,Meiningen,jmeiningenb7@yahoo.co.jp,United States,Cayenne,$328716.99
405,Corri,Jude,cjudeb8@livejournal.com,Portugal,Bronco II,$4653.56
406,Dolores,Southcott,dsouthcottb9@mysql.com,United States,Sierra 2500,$192388.32
407,Ossie,Knottley,oknottleyba@alexa.com,China,Ridgeline,$451322.03
408,Celinka,Ginsie,cginsiebb@technorati.com,Iraq,Pilot,$223195.02
409,Ollie,Braidford,obraidfordbc@creativecommons.org,Russia,164,$221982.48
410,Haley,Hakking,hhakkingbd@twitpic.com,Vietnam,F-Series,$61243.76
411,Shaun,Woodhams,swoodhamsbe@w3.org,China,Camry,$131076.44
412,Rosy,Maypes,rmaypesbf@blogtalkradio.com,Pakistan,Sierra 2500,$43195.40
413,Mario,Tamblingson,mtamblingsonbg@elegantthemes.com,Philippines,M3,$259758.97
414,Sandor,Christou,schristoubh@netvibes.com,China,D350 Club,$448554.16
415,Rupert,O' Markey,romarkeybi@storify.com,Palestinian Territory,Boxster,$13646.53
416,Mandy,Endersby,mendersbybj@hubpages.com,Japan,Truck,$340173.76
417,Tracie,Ould,touldbk@howstuffworks.com,Ukraine,Integra,$100768.95
418,Ira,Cahalan,icahalanbl@histats.com,Finland,LeSabre,$48984.14
419,Elene,Dello,edellobm@newsvine.com,Bolivia,Genesis,$65994.78
420,Mallory,Boar,mboarbn@google.com,Philippines,S10,$13061.65
421,Cicely,Sauvain,csauvainbo@canalblog.com,Russia,Tracer,$401617.91
422,Robbyn,Tuckwell,rtuckwellbp@altervista.org,Philippines,LHS,$442789.77
423,Lauri,Yosifov,lyosifovbq@usda.gov,Indonesia,Freestar,$143612.85
424,Gran,Chisholme,gchisholmebr@businesswire.com,Indonesia,Cavalier,$416550.24
425,Adah,Bailey,abaileybs@wix.com,China,90,$289310.89
426,Goldie,MacVanamy,gmacvanamybt@wikimedia.org,Philippines,F350,$70261.28
427,Coral,Muge,cmugebu@skype.com,Sweden,H2,$425383.31
428,Paco,Lashmar,plashmarbv@xing.com,China,Taurus,$320195.20
429,Northrup,Haggart,nhaggartbw@state.tx.us,Philippines,Prizm,$417546.83
430,Marietta,Vaughan,mvaughanbx@scribd.com,Czech Republic,Compass,$100034.48
431,Margret,Hawkey,mhawkeyby@amazonaws.com,South Africa,SL-Class,$258919.83
432,Milissent,Brenstuhl,mbrenstuhlbz@php.net,China,TSX,$460023.45
433,Dolf,Kalkhoven,dkalkhovenc0@go.com,South Africa,Regal,$184433.28
434,Bing,Skitterel,bskitterelc1@sitemeter.com,China,Tahoe,$318659.98
435,Kara-lynn,Jagson,kjagsonc2@tuttocitta.it,China,Grand Marquis,$170068.33
436,Myrwyn,Sampson,msampsonc3@dyndns.org,Canada,Charger,$387842.05
437,Jerome,Diffley,jdiffleyc4@tinyurl.com,Peru,MKX,$177760.95
438,Robinetta,Riccardelli,rriccardellic5@baidu.com,Saint Vincent and the Grenadines,Mystique,$278148.60
439,Rozanne,Parmeter,rparmeterc6@narod.ru,China,Suburban 2500,$205554.00
440,Prudence,Bootland,pbootlandc7@sbwire.com,Uganda,Cobalt SS,$114078.27
441,Norbert,Bunclark,nbunclarkc8@telegraph.co.uk,China,ES,$478019.89
442,Marrissa,Dunphy,mdunphyc9@phoca.cz,Croatia,GTI,$2572.71
443,Netti,Grimoldby,ngrimoldbyca@vinaora.com,France,Clubman,$138029.32
444,Blondy,Suggett,bsuggettcb@cnn.com,Netherlands,Bronco II,$394541.58
445,Shoshanna,Lett,slettcc@bloglines.com,Brazil,Impala SS,$168010.53
446,Alecia,Barth,abarthcd@census.gov,Sweden,240SX,$465780.32
447,Marjy,O'Bruen,mobruence@newyorker.com,Venezuela,Ram Van 3500,$345623.83
448,Angie,De Angelis,adeangeliscf@twitter.com,Nigeria,Parisienne,$114004.18
449,Elysee,Huttley,ehuttleycg@rediff.com,China,Skylark,$268804.49
450,Colman,Parncutt,cparncuttch@samsung.com,Indonesia,Town Car,$494551.92
451,Gussy,Huntar,ghuntarci@multiply.com,Argentina,9000,$281718.84
452,Krisha,Carhart,kcarhartcj@is.gd,Ukraine,Sentra,$75191.90
453,Kylila,Keasy,kkeasyck@vinaora.com,Greece,F-Series,$183340.04
454,Willy,Eskriett,weskriettcl@un.org,France,Ram Van 3500,$474303.09
455,Christos,Biaggi,cbiaggicm@artisteer.com,France,Bonneville,$216323.61
456,Gerry,Winsom,gwinsomcn@tuttocitta.it,Canada,Concorde,$44584.78
457,Red,Wiper,rwiperco@google.ca,China,Phaeton,$412263.16
458,Astra,Halfpenny,ahalfpennycp@cocolog-nifty.com,Philippines,A8,$181183.74
459,Tome,Lintill,tlintillcq@netlog.com,China,Lancer,$149197.11
460,Rozanna,Benne,rbennecr@gnu.org,Costa Rica,Escalade ESV,$277583.97
461,Steffen,Shilito,sshilitocs@utexas.edu,Portugal,Challenger,$496838.82
462,Lu,Roglieri,lroglierict@dailymail.co.uk,Liechtenstein,LX,$257052.09
463,Marilee,Brinkman,mbrinkmancu@amazonaws.com,Russia,Focus,$115361.88
464,Bibi,Hallifax,bhallifaxcv@bing.com,Thailand,Cougar,$249003.12
465,Letitia,Strevens,lstrevenscw@fema.gov,Indonesia,MX-3,$253639.99
466,Addia,Jori,ajoricx@altervista.org,Poland,Azera,$215790.62
467,Madalyn,Camilleri,mcamillericy@umn.edu,France,Sedona,$25600.56
468,Eadith,Lefwich,elefwichcz@shop-pro.jp,China,Ram,$71460.89
469,Kimbell,Steger,kstegerd0@wikia.com,United States,SJ,$67091.27
470,Evy,Orfeur,eorfeurd1@squarespace.com,Chile,Traverse,$138216.79
471,Foster,Yakobowitch,fyakobowitchd2@4shared.com,China,Expedition EL,$102782.23
472,Akim,Heeron,aheerond3@cocolog-nifty.com,Finland,Camaro,$72800.23
473,Tracie,Bannester,tbannesterd4@un.org,Estonia,SLK-Class,$15525.42
474,Brandie,Ramage,bramaged5@wired.com,Japan,Impala,$162047.72
475,Lorita,Showering,lshoweringd6@ustream.tv,China,300,$422175.07
476,Ethelind,Armor,earmord7@dyndns.org,Sweden,GTI,$401054.55
477,Andre,Codling,acodlingd8@hostgator.com,France,Mustang,$3915.69
478,Angeli,Dering,aderingd9@behance.net,Peru,900,$398046.84
479,Helen,Hamments,hhammentsda@japanpost.jp,Portugal,Metro,$150342.93
480,Beryle,Bernasek,bbernasekdb@posterous.com,Indonesia,Avenger,$353680.19
481,Dionysus,Giacobazzi,dgiacobazzidc@vinaora.com,Philippines,XC90,$233347.98
482,Frankie,Dogg,fdoggdd@arizona.edu,Nigeria,Sonoma,$91968.03
483,Osmund,Paolo,opaolode@wordpress.org,Uruguay,Charger,$161687.00
484,Kennith,Ales0,kalesdf@xinhuanet.com,Portugal,NSX,$58761.50
485,Emmerich,Ellingworth,eellingworthdg@usatoday.com,Serbia,Accent,$464898.02
486,Burtie,Luetchford,bluetchforddh@google.ru,Russia,M-Class,$296374.40
487,Jackqueline,Ferrari,jferraridi@blinklist.com,Czech Republic,Land Cruiser,$395037.61
488,Tadd,Gritsunov,tgritsunovdj@google.fr,Croatia,GLC,$308502.73
489,Auguste,Corbishley,acorbishleydk@cocolog-nifty.com,Costa Rica,Grand Prix,$473165.37
490,Bree,Tompkins,btompkinsdl@baidu.com,Indonesia,Lumina,$474898.45
491,Gideon,Kendrew,gkendrewdm@si.edu,Mongolia,Jimmy,$137493.12
492,Edmon,McDonand,emcdonanddn@cnet.com,China,Quest,$155141.11
493,Barbee,Caitlin,bcaitlindo@bandcamp.com,Russia,Land Cruiser,$325737.11
494,Gertrud,Aird,gairddp@sitemeter.com,Portugal,Cutlass,$277797.15
495,Carine,Ruppeli,cruppelidq@tinypic.com,China,Town Car,$435948.11
496,Gwendolen,Meeking,gmeekingdr@dropbox.com,Portugal,80,$75830.99
497,Aurelia,Barnardo,abarnardods@sbwire.com,Brazil,A8,$21697.65
498,Nonna,Cranage,ncranagedt@taobao.com,Sweden,Tacoma,$12955.29
499,Guillermo,Pittet,gpittetdu@unicef.org,Ivory Coast,Forester,$189277.13
500,Delinda,Jime,djimedv@spotify.com,China,Yukon XL 2500,$209661.78
501,Gilbertina,Puller,gpullerdw@guardian.co.uk,Greece,Xterra,$357062.64
502,Napoleon,Dwyer,ndwyerdx@amazon.com,China,Silverado 1500,$109677.72
503,Nell,Ledingham,nledinghamdy@bloglines.com,China,Gallardo,$247302.81
504,Brynna,Raubenheim,braubenheimdz@ehow.com,Colombia,9-7X,$288744.17
505,Pattie,Horley,phorleye0@reference.com,Denmark,Mirage,$6618.24
506,Nathanial,Filgate,nfilgatee1@ca.gov,Serbia,HHR,$272307.68
507,Elmo,Leyfield,eleyfielde2@typepad.com,Greece,SJ,$202205.10
508,Blinnie,Rowsel,browsele3@statcounter.com,Botswana,Countryman,$151845.30
509,Scarface,Northridge,snorthridgee4@technorati.com,Philippines,I,$59656.79
510,Jelene,Petrashov,jpetrashove5@over-blog.com,United States,Mystique,$162737.86
511,Anselma,Filshin,afilshine6@cocolog-nifty.com,Portugal,Fleetwood,$184307.59
512,Charin,Oland,colande7@mapy.cz,China,Rodeo,$371607.98
513,Lynda,Torrijos,ltorrijose8@delicious.com,China,Sephia,$339245.08
514,Guy,Lashley,glashleye9@rakuten.co.jp,Indonesia,Aura,$293191.14
515,Mead,Ferreli,mferreliea@admin.ch,Venezuela,928,$374422.15
516,Bud,Ast,basteb@shareasale.com,China,Grand Am,$21731.53
517,Elset,Henkens,ehenkensec@hibu.com,Philippines,MR2,$451669.24
518,Hailey,Rummer,hrummered@joomla.org,Canada,929,$118024.94
519,Willa,Titterton,wtittertonee@dmoz.org,Philippines,Monte Carlo,$287848.25
520,Gordy,Passy,gpassyef@google.com.br,China,S40,$242680.78
521,Edward,Mayling,emaylingeg@cyberchimps.com,Poland,Riviera,$452442.94
522,Karyl,Kebbell,kkebbelleh@constantcontact.com,Russia,Corvette,$32144.05
523,Tiffie,Kovnot,tkovnotei@geocities.com,Portugal,5 Series,$207536.48
524,Nikos,Origin,noriginej@icio.us,Anguilla,RAV4,$117545.23
525,Devy,Sikorski,dsikorskiek@prnewswire.com,Russia,GTI,$89255.81
526,Sayers,Zoppo,szoppoel@dion.ne.jp,Brazil,Sedona,$58326.15
527,Shell,Ryland,srylandem@sbwire.com,China,Millenia,$476015.37
528,Cate,Poynter,cpoynteren@wordpress.org,Brazil,Tracer,$259099.69
529,Clarey,Stormonth,cstormontheo@hhs.gov,Indonesia,S-Series,$234776.43
530,Dru,Hanscom,dhanscomep@whitehouse.gov,Chile,MR2,$404954.88
531,Luke,Grassot,lgrassoteq@youtube.com,Latvia,Voyager,$301352.72
532,Thatcher,Chalcot,tchalcoter@cdbaby.com,Pakistan,Mustang,$90036.03
533,Sherline,Tunbridge,stunbridgees@flickr.com,Indonesia,RL,$293395.23
534,Jess,Ewell,jewellet@diigo.com,China,Econoline E150,$416878.27
535,Robers,Linbohm,rlinbohmeu@tripod.com,China,Discovery,$489279.92
536,Kalina,Blaiklock,kblaiklockev@yahoo.co.jp,China,Viper,$416070.79
537,Ara,Browncey,abrownceyew@about.me,China,1500 Club Coupe,$35512.27
538,Lem,Pead,lpeadex@sohu.com,Poland,G-Series G30,$252438.60
539,Cale,Wyburn,cwyburney@digg.com,Czech Republic,FJ Cruiser,$204104.56
540,Jackson,Heineke,jheinekeez@cornell.edu,China,Alpina B7,$22465.58
541,Vaughan,Tidcomb,vtidcombf0@europa.eu,Japan,W201,$279368.57
542,Fran,Tugman,ftugmanf1@time.com,Mexico,Challenger,$371686.42
543,Sidonnie,Llewelly,sllewellyf2@theglobeandmail.com,Brazil,Matrix,$213462.07
544,Ches,Mitchener,cmitchenerf3@gmpg.org,Indonesia,Type 2,$180170.35
545,Madlen,Humpatch,mhumpatchf4@ucoz.com,Nigeria,Golf,$266488.84
546,Sigmund,Mewe,smewef5@mozilla.org,Philippines,Mazda5,$489698.67
547,Sheffield,Stickells,sstickellsf6@intel.com,China,V70,$271270.74
548,Lindsay,Andrelli,landrellif7@kickstarter.com,Russia,Mirage,$123797.94
549,Berthe,Hoyes,bhoyesf8@reuters.com,Indonesia,Mustang,$228413.05
550,Griffin,Lockhart,glockhartf9@mediafire.com,Thailand,Suburban,$485048.66
551,Querida,Trevon,qtrevonfa@newsvine.com,Thailand,MPV,$60321.02
552,Cesar,Marco,cmarcofb@wikipedia.org,Portugal,Esprit,$257198.97
553,Lincoln,Decayette,ldecayettefc@dailymail.co.uk,China,Highlander,$117334.60
554,Clarice,McCarrick,cmccarrickfd@posterous.com,Cuba,Escape,$288779.76
555,Henry,Arminger,harmingerfe@lulu.com,Honduras,Econoline E250,$56695.57
556,Marylin,Dawdary,mdawdaryff@mlb.com,Czech Republic,5000CS,$274997.78
557,Elaina,Bilton,ebiltonfg@oracle.com,Syria,Tiguan,$320400.97
558,Michaella,Giacoppoli,mgiacoppolifh@columbia.edu,Finland,325,$163833.07
559,Quinton,Ovise,qovisefi@google.it,Iran,Ranger,$128881.58
560,Damiano,Loram,dloramfj@ftc.gov,China,Bronco,$110479.34
561,Sid,Snoday,ssnodayfk@mapy.cz,Indonesia,Esprit,$430126.45
562,Bernadina,Cromley,bcromleyfl@huffingtonpost.com,China,Mark VIII,$429877.15
563,Worden,Matthensen,wmatthensenfm@sfgate.com,Indonesia,SJ,$189357.21
564,Ruby,Grundwater,rgrundwaterfn@java.com,Serbia,Gemini,$481003.46
565,Tiebold,Blackham,tblackhamfo@simplemachines.org,Belarus,Econoline E350,$211476.57
566,Britteny,Rother,brotherfp@oracle.com,Burundi,Routan,$82547.58
567,Edik,Klimschak,eklimschakfq@wiley.com,Thailand,Mustang,$381405.72
568,Cosetta,Brady,cbradyfr@instagram.com,Indonesia,Viper,$405317.69
569,Sharlene,Margetts,smargettsfs@sitemeter.com,France,Suburban 1500,$205221.50
570,Terri,Kirsopp,tkirsoppft@t-online.de,Russia,Passport,$473794.31
571,Arvin,Dethloff,adethlofffu@jigsy.com,Afghanistan,Canyon,$223618.27
572,Sybyl,Flooks,sflooksfv@bloomberg.com,Iraq,Legacy,$102658.82
573,Isidora,Palatino,ipalatinofw@nps.gov,Indonesia,9000,$366636.47
574,Atlante,De Malchar,ademalcharfx@dropbox.com,Hungary,Focus,$146385.14
575,Wandis,Jewar,wjewarfy@mtv.com,Malaysia,Patriot,$54054.41
576,Rachael,Sirmon,rsirmonfz@e-recht24.de,China,Grand Prix,$413432.81
577,Eli,O'Mohun,eomohung0@sciencedaily.com,Uzbekistan,S2000,$160583.56
578,Devland,Branscomb,dbranscombg1@mediafire.com,China,Continental GT,$292331.03
579,Lizzie,Snailham,lsnailhamg2@eventbrite.com,China,TT,$378247.50
580,Brigitte,Aleksic,baleksicg3@dailymail.co.uk,Philippines,Mustang,$281040.30
581,Thaddeus,Menel,tmenelg4@chicagotribune.com,China,Tundra,$393014.81
582,Ollie,Winckle,owinckleg5@comsenz.com,Jordan,Daewoo Lacetti,$25284.63
583,Aveline,Tutin,atuting6@google.ru,United States,Navajo,$166458.81
584,Gwenni,Nassi,gnassig7@go.com,Poland,S-Series,$134045.23
585,Berte,Baldam,bbaldamg8@google.co.jp,China,Reliant,$132131.24
586,Skye,Klimsch,sklimschg9@craigslist.org,France,Elantra,$402082.19
587,Riva,Gaylord,rgaylordga@live.com,Peru,Eclipse,$474006.11
588,Cindy,Dogg,cdogggb@sbwire.com,Peru,Savana 3500,$85186.01
589,Marleah,Skouling,mskoulinggc@europa.eu,Georgia,Challenger,$328036.03
590,Terrel,Minnis,tminnisgd@exblog.jp,Poland,4000s,$198578.72
591,Granny,Aldren,galdrenge@homestead.com,Peru,Veracruz,$363408.87
592,Doreen,Kelby,dkelbygf@aboutads.info,Argentina,MPV,$477802.12
593,Arty,Gocher,agochergg@ebay.com,China,Cutlass,$262516.70
594,Bondie,Skentelbery,bskentelberygh@posterous.com,China,Classic,$407068.87
595,Jozef,Woffinden,jwoffindengi@fc2.com,Indonesia,Escalade EXT,$394974.79
596,Bili,Vennard,bvennardgj@earthlink.net,Indonesia,Civic,$321427.13
597,Gib,Laboune,glabounegk@yale.edu,Laos,Prizm,$465854.37
598,Fayette,Raynor,fraynorgl@newsvine.com,United States,Malibu,$69794.85
599,Edmund,Marskell,emarskellgm@gravatar.com,Togo,RVR,$429124.15
600,Kimberlyn,Rowan,krowangn@house.gov,Indonesia,62,$244777.90
601,Breanne,Jorck,bjorckgo@360.cn,France,Grand Marquis,$317215.94
602,Lyell,Catonne,lcatonnegp@bing.com,China,Grand Vitara,$252613.30
603,Gloria,Tharme,gtharmegq@blogtalkradio.com,Philippines,Ram 1500,$182406.94
604,Briggs,Cussen,bcussengr@newsvine.com,Czech Republic,Touareg,$324407.66
605,Berget,Proudler,bproudlergs@auda.org.au,Portugal,MX-5,$357691.63
606,Packston,Sporgeon,psporgeongt@desdev.cn,Indonesia,STS,$258956.43
607,Phil,Calcut,pcalcutgu@simplemachines.org,China,600,$411490.00
608,Austen,McKissack,amckissackgv@wisc.edu,Afghanistan,STS-V,$385160.55
609,Taddeusz,Laidlow,tlaidlowgw@macromedia.com,Indonesia,Sky,$495008.10
610,Kippy,Ettery,ketterygx@sitemeter.com,Ireland,S40,$499556.62
611,Felicle,Huskinson,fhuskinsongy@51.la,China,Ram 2500,$481536.06
612,Jose,Greest,jgreestgz@accuweather.com,Angola,S2000,$77898.66
613,Lindy,Hawkeswood,lhawkeswoodh0@mapquest.com,China,D250,$415597.87
614,Field,Brugden,fbrugdenh1@theglobeandmail.com,China,M3,$212276.11
615,Rochester,Erdely,rerdelyh2@auda.org.au,Indonesia,Legacy,$152100.18
616,Julina,Wollers,jwollersh3@un.org,Argentina,Fiero,$476593.57
617,Darin,Telford,dtelfordh4@topsy.com,Russia,940,$380554.70
618,Zeke,Jelfs,zjelfsh5@geocities.jp,United States,Mustang,$341455.66
619,Alfred,Limpkin,alimpkinh6@livejournal.com,France,NSX,$451245.16
620,Darby,Eickhoff,deickhoffh7@networkadvertising.org,Bosnia and Herzegovina,Voyager,$412370.44
621,Ted,Mucklow,tmucklowh8@house.gov,China,760,$58766.83
622,Ernst,Gudahy,egudahyh9@intel.com,Palestinian Territory,Escalade EXT,$293023.08
623,Letizia,Extill,lextillha@1und1.de,Albania,CLS-Class,$194962.05
624,Jamal,Eykel,jeykelhb@mapquest.com,Mexico,Fiero,$18656.67
625,Adriano,Mynott,amynotthc@umich.edu,Aland Islands,Continental Mark VII,$104827.85
626,Aubert,Rohloff,arohloffhd@cpanel.net,Russia,Challenger,$44195.81
627,Erny,Coslett,ecosletthe@toplist.cz,Croatia,Avalanche 2500,$141898.86
628,Drud,Spratley,dspratleyhf@springer.com,Indonesia,Mirage,$19941.02
629,Adelbert,Waldram,awaldramhg@baidu.com,Czech Republic,S60,$288738.26
630,Danit,McQuie,dmcquiehh@sina.com.cn,Russia,E-Series,$302107.07
631,Hailee,Bleier,hbleierhi@e-recht24.de,China,Quattroporte,$375476.45
632,Noe,Jebb,njebbhj@usgs.gov,Indonesia,LeSabre,$407590.82
633,Gaye,Lauder,glauderhk@umich.edu,China,Legacy,$117856.82
634,Maye,Baxstar,mbaxstarhl@jigsy.com,China,X6 M,$415033.22
635,Silvan,Ashborne,sashbornehm@joomla.org,Vietnam,XJ,$124375.75
636,Marian,Tosh,mtoshhn@soundcloud.com,China,Silverado 2500,$197036.34
637,Sergeant,Portman,sportmanho@yolasite.com,Costa Rica,Montero,$97647.57
638,Corrinne,Collett,ccolletthp@slideshare.net,Armenia,Civic,$160344.59
639,Orbadiah,Mawford,omawfordhq@google.it,Sweden,Cube,$214820.72
640,Eden,Izkovitch,eizkovitchhr@army.mil,Ukraine,940,$492231.03
641,Erica,De Carolis,edecarolishs@ow.ly,China,Ram 1500,$343600.82
642,Nyssa,Roxby,nroxbyht@edublogs.org,Poland,Lancer,$110884.61
643,Costanza,Stiger,cstigerhu@biblegateway.com,Indonesia,Aztek,$143760.30
644,Charlean,Blissitt,cblissitthv@dion.ne.jp,Indonesia,XC90,$410209.01
645,Gerri,Maleham,gmalehamhw@infoseek.co.jp,Iran,Fusion,$429238.77
646,Savina,Bims,sbimshx@shinystat.com,Indonesia,Ram 3500 Club,$252939.86
647,Loren,Lias,lliashy@usnews.com,Ukraine,Catera,$108812.04
648,Thor,Petrishchev,tpetrishchevhz@cyberchimps.com,Indonesia,GTO,$160373.46
649,Ivett,Raddish,iraddishi0@oaic.gov.au,Philippines,C8 Double 12 S,$422426.78
650,Ulrike,Sandever,usandeveri1@blogs.com,Philippines,Durango,$319279.30
651,Ric,Zammitt,rzammitti2@miibeian.gov.cn,Mexico,Pilot,$55050.39
652,Duncan,Rowaszkiewicz,drowaszkiewiczi3@ted.com,United States,A5,$153258.71
653,Rem,Mauvin,rmauvini4@geocities.com,Iran,G-Series G30,$229546.13
654,Lona,Lismore,llismorei5@redcross.org,France,Accent,$198803.77
655,Juditha,Crebott,jcrebotti6@godaddy.com,Portugal,Crown Victoria,$85160.82
656,Purcell,Blagburn,pblagburni7@meetup.com,Poland,M6,$216185.98
657,Anya,Le Merchant,alemerchanti8@printfriendly.com,Mongolia,Escort,$476810.58
658,Vilma,Disbrow,vdisbrowi9@constantcontact.com,Morocco,QX56,$218114.11
659,Carey,Reddihough,creddihoughia@theguardian.com,China,Cooper Clubman,$463029.67
660,Cinderella,Videneev,cvideneevib@usgs.gov,France,Titan,$28498.61
661,Robb,Dorian,rdorianic@bluehost.com,Portugal,XC70,$185241.55
662,Emlyn,Bozworth,ebozworthid@dell.com,Argentina,Highlander,$318936.45
663,Cammy,Kinzel,ckinzelie@reuters.com,Indonesia,Legacy,$305569.76
664,Alejandrina,Kean,akeanif@ameblo.jp,Turkmenistan,Millenia,$302115.79
665,Lay,Dumbleton,ldumbletonig@youtube.com,Portugal,Defender,$122727.16
666,Diane,Stormouth,dstormouthih@oracle.com,China,Camry Hybrid,$479081.91
667,Eben,Lamplugh,elamplughii@dyndns.org,Azerbaijan,Savana 1500,$184036.78
668,Fredek,Preuvost,fpreuvostij@desdev.cn,Norway,M3,$287623.54
669,Johnathon,Rehn,jrehnik@etsy.com,China,Avalanche 2500,$354198.85
670,Ryon,Bodesson,rbodessonil@networkadvertising.org,Russia,Silverado 2500,$441894.02
671,Nat,Adamo,nadamoim@army.mil,Thailand,SL-Class,$362258.95
672,Marcelle,Batie,mbatiein@adobe.com,Russia,V70,$362671.70
673,Terrell,Pyson,tpysonio@google.cn,Ireland,Alcyone SVX,$49875.16
674,Waldo,Wein,wweinip@cpanel.net,Indonesia,G-Series 2500,$35251.57
675,Benoit,Donnell,bdonnelliq@parallels.com,Kosovo,Camaro,$250052.56
676,Colman,Stollenhof,cstollenhofir@va.gov,South Sudan,Swift,$283926.75
677,Modestine,Law,mlawis@wikimedia.org,China,Mystique,$350609.65
678,Mireille,Marshfield,mmarshfieldit@arizona.edu,Colombia,Discovery,$409469.18
679,Forrest,Darbyshire,fdarbyshireiu@huffingtonpost.com,China,Crown Victoria,$108888.63
680,Ivory,Lambol,ilamboliv@blinklist.com,Indonesia,ES,$20335.18
681,Devinne,Swann,dswanniw@answers.com,Saudi Arabia,2500 Club Coupe,$27870.25
682,Misty,Worley,mworleyix@soundcloud.com,France,Mystique,$425342.69
683,Brockie,MacCard,bmaccardiy@gmpg.org,Mexico,RDX,$59162.75
684,Manfred,Stanway,mstanwayiz@shinystat.com,Thailand,E350,$296413.32
685,Janice,Adolthine,jadolthinej0@columbia.edu,Russia,3 Series,$121207.88
686,Christoph,Rihosek,crihosekj1@amazon.co.jp,Burkina Faso,Silverado 3500,$316273.15
687,Griswold,Laneham,glanehamj2@blogspot.com,Slovenia,E350,$293514.59
688,Tucker,Sothern,tsothernj3@nbcnews.com,Japan,Mountaineer,$492559.50
689,Lorne,Braithwaite,lbraithwaitej4@techcrunch.com,China,Mighty Max,$432335.64
690,Eal,Janzen,ejanzenj5@ucoz.ru,China,S6,$302678.98
691,Hortense,Cesaric,hcesaricj6@posterous.com,Tunisia,Trans Sport,$403597.29
692,Britta,Devlin,bdevlinj7@deviantart.com,Canada,SVX,$4192.19
693,Agnella,Hehir,ahehirj8@blogtalkradio.com,Micronesia,Ram 1500,$12982.65
694,Aubert,Shelvey,ashelveyj9@blog.com,Indonesia,ES,$313030.99
695,Selestina,Basek,sbasekja@desdev.cn,Portugal,xB,$327427.31
696,Stearn,Clitsome,sclitsomejb@xing.com,Brazil,Excursion,$287031.08
697,Josy,Buglass,jbuglassjc@apple.com,Peru,Civic,$198822.79
698,Timmie,Sharpous,tsharpousjd@etsy.com,Indonesia,Protege,$446211.35
699,Zorina,Carroll,zcarrollje@cocolog-nifty.com,China,C-Class,$495999.54
700,Valdemar,Tingcomb,vtingcombjf@zimbio.com,China,Aspire,$260159.06
701,Lorne,McWhannel,lmcwhanneljg@amazon.co.uk,Gabon,Town Car,$239170.64
702,Sandy,Rosebotham,srosebothamjh@cbc.ca,Mali,Corvette,$346520.93
703,Harlan,Elix,helixji@vinaora.com,China,Pajero,$359458.64
704,Amalee,Rihanek,arihanekjj@nsw.gov.au,Russia,Forenza,$490671.25
705,Paolo,Ludwell,pludwelljk@flickr.com,Russia,Maxima,$312862.64
706,Alison,Lally,alallyjl@phpbb.com,Mongolia,Stratus,$72533.93
707,Codi,Yarrall,cyarralljm@latimes.com,Finland,S80,$280539.12
708,Karita,Rickwood,krickwoodjn@eepurl.com,China,Regal,$360344.95
709,Phil,McKibbin,pmckibbinjo@spiegel.de,Brazil,Sportvan G30,$95172.87
710,Catha,Grasha,cgrashajp@istockphoto.com,Argentina,Silverado,$94782.84
711,Wanda,Faircliff,wfaircliffjq@google.fr,China,Avalon,$400370.79
712,Dom,Brinkworth,dbrinkworthjr@slate.com,Brazil,Prowler,$408185.99
713,Stefano,Hainge,shaingejs@economist.com,Uruguay,Spider,$320129.51
714,Lydon,Mitskevich,lmitskevichjt@mediafire.com,Norway,80,$238425.23
715,Carmon,Maiden,cmaidenju@xrea.com,China,MR2,$477138.78
716,Martainn,Caseri,mcaserijv@examiner.com,China,Rio,$25907.82
717,Pren,Bonds,pbondsjw@php.net,Myanmar,V8 Vantage,$424482.34
718,Viviene,Stirgess,vstirgessjx@who.int,Denmark,Murciélago,$138124.80
719,Celestia,Foystone,cfoystonejy@sphinn.com,China,Aerostar,$494918.12
720,Miranda,Espasa,mespasajz@ask.com,Indonesia,Exige,$480116.43
721,Derick,Warlton,dwarltonk0@tinypic.com,Finland,S80,$469825.94
722,Susanetta,Bockett,sbockettk1@blogtalkradio.com,Russia,458 Italia,$45217.91
723,Joleen,Dooman,jdoomank2@usatoday.com,Turkmenistan,5 Series,$446776.68
724,Pen,Walhedd,pwalheddk3@scientificamerican.com,Afghanistan,Viper,$23014.08
725,Spike,Marty,smartyk4@theguardian.com,Indonesia,300SL,$375976.88
726,Ingra,Platts,iplattsk5@archive.org,Indonesia,Grand Marquis,$360314.85
727,Shaw,Cumber,scumberk6@vk.com,Poland,Cobalt SS,$73255.71
728,Ogden,Ravenhills,oravenhillsk7@slashdot.org,Indonesia,CL,$485003.80
729,Angel,Masse,amassek8@reverbnation.com,Venezuela,3 Series,$43483.46
730,Sophronia,Sly,sslyk9@seattletimes.com,Myanmar,F350,$148999.48
731,Luke,Cardew,lcardewka@amazonaws.com,Portugal,1500,$460667.81
732,Biron,McLenaghan,bmclenaghankb@simplemachines.org,Sweden,Cabriolet,$94138.30
733,Sherm,Truman,strumankc@paginegialle.it,Brazil,Golf,$471727.83
734,Jennette,Lanfere,jlanferekd@ehow.com,Russia,Econoline E150,$29339.86
735,Isidor,Tirkin,itirkinke@imageshack.us,Portugal,Town & Country,$158262.20
736,Sibilla,Bream,sbreamkf@disqus.com,China,900,$422574.44
737,Tobi,Minor,tminorkg@google.co.jp,Nigeria,Insight,$472664.98
738,Major,Pistol,mpistolkh@ameblo.jp,Russia,Arnage,$251914.38
739,Cordey,Cannicott,ccannicottki@mozilla.com,China,Sidekick,$261886.81
740,Tabbitha,Horney,thorneykj@comsenz.com,Sweden,Crown Victoria,$385403.61
741,Raffarty,Wixon,rwixonkk@devhub.com,Poland,Tiburon,$366113.04
742,Alicia,Kienl,akienlkl@networksolutions.com,China,Sentra,$363521.17
743,Meryl,Dalgety,mdalgetykm@narod.ru,Russia,Corolla,$132684.24
744,Cherilyn,Pleaden,cpleadenkn@last.fm,Bulgaria,Maxima,$332138.09
745,Georgeta,Albro,galbroko@a8.net,Azerbaijan,Fox,$339156.83
746,Genia,Robion,grobionkp@pagesperso-orange.fr,Sri Lanka,Mustang,$25277.42
747,Cy,Toner,ctonerkq@is.gd,China,TundraMax,$44975.32
748,Ardis,Baguley,abaguleykr@w3.org,Canada,B-Series,$482767.23
749,Stacie,Matthiae,smatthiaeks@addthis.com,Czech Republic,5000S,$442333.74
750,Eddie,Trevillion,etrevillionkt@narod.ru,Philippines,MX-3,$231478.87
751,Lesley,Lippitt,llippittku@theatlantic.com,Afghanistan,Solara,$396042.10
752,Ari,Howsego,ahowsegokv@cyberchimps.com,Mexico,Yukon,$488110.57
753,Timotheus,Aitchinson,taitchinsonkw@upenn.edu,Peru,Aspen,$71291.17
754,Mercie,Croston,mcrostonkx@elpais.com,Portugal,Sierra 3500,$358580.36
755,Christopher,Innis,cinnisky@weibo.com,China,xA,$184742.52
756,Wilhelm,Plante,wplantekz@noaa.gov,Greece,Suburban 1500,$28611.66
757,Novelia,McLarty,nmclartyl0@vk.com,Thailand,Defender 110,$5687.55
758,Kylila,McCarry,kmccarryl1@smh.com.au,Greece,Suburban 1500,$145875.60
759,Hillery,Pifford,hpiffordl2@seattletimes.com,Argentina,Continental GT,$131800.81
760,Haley,Emms,hemmsl3@bbb.org,Ukraine,Venza,$254757.24
761,Lorrie,Cronin,lcroninl4@desdev.cn,China,Sable,$189225.95
762,Evie,Danilyuk,edanilyukl5@amazonaws.com,Japan,Ram Van 2500,$181130.19
763,Ximenez,Reichelt,xreicheltl6@cpanel.net,New Zealand,Laser,$158462.70
764,Sue,Tremathick,stremathickl7@w3.org,Russia,745,$362663.76
765,Cammy,Cagan,ccaganl8@nationalgeographic.com,Mexico,Town Car,$134722.67
766,Townsend,Vagges,tvaggesl9@amazon.co.uk,Jordan,Trans Sport,$121773.89
767,Flss,Palmby,fpalmbyla@biglobe.ne.jp,Tanzania,Passat,$69355.53
768,Stephie,Eastope,seastopelb@google.es,Colombia,RX,$314318.62
769,Pincus,Cuttler,pcuttlerlc@elegantthemes.com,Philippines,Concorde,$321309.03
770,Robbi,Chantillon,rchantillonld@time.com,Indonesia,Express,$14373.25
771,Dawna,Echelle,dechellele@state.gov,Tunisia,530,$82301.20
772,Lorry,Doniso,ldonisolf@infoseek.co.jp,Czech Republic,Cabriolet,$85664.62
773,Sidnee,Jochen,sjochenlg@usda.gov,Poland,Corolla,$160518.46
774,Kahlil,De L'Isle,kdelislelh@hud.gov,China,Explorer Sport,$197613.12
775,Jake,Gowers,jgowersli@toplist.cz,Argentina,S-Series,$423121.21
776,Jackie,Ailmer,jailmerlj@ifeng.com,China,Alcyone SVX,$337848.12
777,Trstram,Croughan,tcroughanlk@dmoz.org,Russia,Escalade EXT,$420846.83
778,Jule,Pilfold,jpilfoldll@moonfruit.com,Malaysia,Solara,$237753.04
779,Ingram,Zorzutti,izorzuttilm@bloglovin.com,Indonesia,Mustang,$186888.34
780,Jecho,Goretti,jgorettiln@angelfire.com,Colombia,Rendezvous,$395353.76
781,Orland,Lethcoe,olethcoelo@bloglovin.com,Dominican Republic,Lancer Evolution,$220939.78
782,Gage,Privost,gprivostlp@hp.com,China,F350,$259546.29
783,Lanette,Polo,lpololq@drupal.org,China,Tucson,$98351.62
784,Reece,Truckett,rtruckettlr@google.ca,Argentina,Bronco II,$438651.03
785,Sarge,Snepp,ssneppls@hao123.com,Brazil,W201,$280165.19
786,Lucius,Gommery,lgommerylt@dagondesign.com,Russia,Savana 1500,$179736.54
787,Dore,Beaufoy,dbeaufoylu@hao123.com,Ukraine,Azera,$364410.81
788,Claudelle,Reubbens,creubbenslv@amazon.de,Indonesia,Avenger,$322530.26
789,Cherlyn,Polleye,cpolleyelw@instagram.com,Belarus,NSX,$484917.36
790,Clair,Fuggle,cfugglelx@ustream.tv,China,Space,$272740.44
791,Jaquenetta,Crosthwaite,jcrosthwaitely@marriott.com,Indonesia,F430,$456999.28
792,Liz,Simioli,lsimiolilz@tamu.edu,Iran,Bronco,$191540.60
793,Connie,Nutkins,cnutkinsm0@hp.com,Indonesia,rio,$479166.80
794,Sauveur,Rozanski,srozanskim1@independent.co.uk,Colombia,Tracker,$57147.98
795,Lefty,Crookall,lcrookallm2@arizona.edu,Nigeria,Tiburon,$488178.25
796,Malchy,Elliman,mellimanm3@ted.com,Malaysia,Miata MX-5,$209377.08
797,Tootsie,Weekley,tweekleym4@ebay.co.uk,Ukraine,Cougar,$87496.30
798,Fancie,Handscombe,fhandscombem5@etsy.com,Sweden,Galant,$487366.59
799,Glad,Gother,ggotherm6@oaic.gov.au,Philippines,Alero,$247030.97
800,Kellsie,Stellin,kstellinm7@istockphoto.com,American Samoa,Panamera,$340562.45
801,Cayla,McCaskill,cmccaskillm8@google.co.uk,Cuba,Cougar,$168633.35
802,Ailee,Blackbrough,ablackbroughm9@adobe.com,China,Tundra,$152626.78
803,Keir,Atterley,katterleyma@wiley.com,Brazil,Vandura G2500,$432178.47
804,Filbert,Sleeny,fsleenymb@photobucket.com,Indonesia,S70,$147863.01
805,Marta,McGlew,mmcglewmc@bbb.org,Portugal,Elise,$176601.70
806,Cathyleen,Scupham,cscuphammd@phoca.cz,Dominican Republic,Esprit,$18230.87
807,Israel,Casini,icasinime@thetimes.co.uk,Armenia,GTI,$431695.20
808,Willow,Faich,wfaichmf@reddit.com,Afghanistan,Express 2500,$204237.18
809,Seamus,Gerrish,sgerrishmg@liveinternet.ru,Russia,2500,$89228.23
810,Jeniffer,Hoyes,jhoyesmh@tripadvisor.com,Sweden,Five Hundred,$362902.58
811,Nelia,Widdup,nwiddupmi@scientificamerican.com,China,Grand Prix,$338620.84
812,Connor,Sharphurst,csharphurstmj@ameblo.jp,Japan,911,$187563.03
813,Rolph,Branchet,rbranchetmk@yolasite.com,Poland,Journey,$103562.02
814,Tabbi,Forty,tfortyml@newsvine.com,China,Fit,$387339.42
815,Hazlett,Olivey,holiveymm@admin.ch,Ukraine,Corolla,$484712.59
816,Darwin,Beddingham,dbeddinghammn@mapy.cz,Russia,Altima,$21663.37
817,Hadleigh,Dyche,hdychemo@cbslocal.com,Portugal,SJ,$11250.25
818,Boris,Etty,bettymp@nytimes.com,Indonesia,Sierra,$430454.05
819,Micah,Angelo,mangelomq@hao123.com,Austria,Sierra 3500,$59155.89
820,Ole,Brislane,obrislanemr@angelfire.com,Niger,Probe,$153946.99
821,Giffie,Bulcock,gbulcockms@google.com.hk,Ukraine,S-Series,$27404.79
822,Christabel,Rutt,cruttmt@nytimes.com,United Kingdom,62,$447002.65
823,Ring,Woolland,rwoollandmu@gizmodo.com,China,MR2,$131916.75
824,Michael,Dimic,mdimicmv@china.com.cn,Indonesia,Edge,$107857.48
825,Junette,Derle,jderlemw@hc360.com,Indonesia,Fusion,$182309.57
826,Cammie,Fencott,cfencottmx@telegraph.co.uk,Mexico,Pathfinder,$444956.11
827,Woody,Christophle,wchristophlemy@cdc.gov,Slovenia,Continental,$12884.53
828,Dallas,Ganiford,dganifordmz@altervista.org,Japan,Sienna,$365299.55
829,Priscilla,McFarland,pmcfarlandn0@census.gov,Philippines,Swift,$165069.13
830,Puff,Flippelli,pflippellin1@networkadvertising.org,Laos,Freestar,$155242.96
831,Aldon,Croasdale,acroasdalen2@ftc.gov,Honduras,1500 Club Coupe,$403301.02
832,Dannel,Skatcher,dskatchern3@scribd.com,Colombia,Neon,$49854.79
833,Jonah,Aaronson,jaaronsonn4@printfriendly.com,Kazakhstan,LS,$193284.03
834,Maddie,How to preserve,mhowtopreserven5@csmonitor.com,North Korea,Q7,$436143.44
835,Dare,Gooddy,dgooddyn6@nature.com,China,E-Class,$188456.95
836,Marena,Llywarch,mllywarchn7@ovh.net,Norway,MKZ,$117749.64
837,Honey,Shipley,hshipleyn8@irs.gov,Serbia,A6,$116253.86
838,Corine,McKinie,cmckinien9@nhs.uk,Malaysia,1500,$102951.12
839,Katya,Bucke,kbuckena@eventbrite.com,China,Element,$336497.19
840,Mylo,Delwater,mdelwaternb@vimeo.com,Philippines,F350,$492987.61
841,Carlota,Colerick,ccolericknc@i2i.jp,Norway,911,$5314.74
842,Rebekah,Perigeaux,rperigeauxnd@theglobeandmail.com,Russia,E-Series,$94707.04
843,Jarib,Struther,jstrutherne@domainmarket.com,Pakistan,Topaz,$227299.34
844,Andrea,Colnett,acolnettnf@free.fr,Mexico,Sonata,$282805.54
845,Malvina,Farrall,mfarrallng@google.co.jp,Russia,F350,$138336.73
846,Aime,Trebble,atrebblenh@discovery.com,Indonesia,Frontier,$105124.76
847,Buddie,Bareham,bbarehamni@gov.uk,Canada,C70,$272637.66
848,Buiron,Risso,brissonj@w3.org,China,L-Series,$355700.42
849,Tiertza,Londing,tlondingnk@simplemachines.org,Comoros,900,$328203.80
850,Enriqueta,Masterman,emastermannl@economist.com,China,S8,$446928.53
851,Gabbie,Cowderoy,gcowderoynm@toplist.cz,Russia,Rodeo,$203294.77
852,Xerxes,Scriven,xscrivennn@dyndns.org,Syria,Mark LT,$26587.20
853,Maegan,Lakeland,mlakelandno@utexas.edu,Burundi,Xtra,$289379.33
854,Meredithe,Sheldrake,msheldrakenp@rediff.com,China,Impala,$451113.73
855,Elroy,Rebichon,erebichonnq@java.com,Russia,TT,$267078.73
856,Luciano,Amdohr,lamdohrnr@state.gov,Canada,Elantra,$15430.45
857,Eldridge,Haversham,ehavershamns@multiply.com,Kazakhstan,Solstice,$245427.60
858,Florri,Waud,fwaudnt@lycos.com,Portugal,Lumina,$85995.00
859,Esme,Shiers,eshiersnu@webmd.com,Peru,Jetta,$410385.50
860,Cello,Ivushkin,civushkinnv@house.gov,Serbia,CR-V,$246818.33
861,Rhonda,Bishopp,rbishoppnw@utexas.edu,China,Boxster,$400095.94
862,Stormy,Tierny,stiernynx@guardian.co.uk,Czech Republic,Torrent,$108893.81
863,Ches,Mc Ilwrick,cmcilwrickny@multiply.com,Nigeria,Cutlass Supreme,$283313.84
864,Lucy,Methringham,lmethringhamnz@goo.ne.jp,Brazil,LS,$499764.74
865,Sayer,Kain,skaino0@dot.gov,Netherlands,Freestyle,$384331.75
866,Meredeth,Ridley,mridleyo1@apache.org,Paraguay,Astro,$465152.50
867,Rose,Gotmann,rgotmanno2@trellian.com,Japan,Cabriolet,$225699.56
868,Ber,Inworth,binwortho3@infoseek.co.jp,Djibouti,Tracker,$390163.49
869,Trina,Mynett,tmynetto4@mapquest.com,China,Express 3500,$341751.01
870,Glyn,Salsbury,gsalsburyo5@ftc.gov,Iran,X-Type,$399507.94
871,Ker,Garmon,kgarmono6@yahoo.co.jp,Indonesia,Caravan,$154849.44
872,Harold,Sprasen,hspraseno7@washington.edu,Ukraine,LX,$269498.45
873,Deloria,Bower,dbowero8@earthlink.net,Armenia,Sportvan G20,$441635.61
874,Dennie,Inold,dinoldo9@de.vu,China,Leone,$279420.39
875,Fitz,Derycot,fderycotoa@posterous.com,Kazakhstan,Miata MX-5,$228504.19
876,Giacomo,Cudby,gcudbyob@purevolume.com,Philippines,Lumina,$47366.52
877,Ilsa,Ridd,iriddoc@vimeo.com,Japan,RAV4,$427883.59
878,Sofia,Tudhope,studhopeod@flavors.me,Poland,Town Car,$175832.90
879,Tam,Letson,tletsonoe@usatoday.com,France,Taurus,$158597.86
880,Papagena,Revely,prevelyof@ezinearticles.com,China,Turbo Firefly,$16292.90
881,Harmonie,Stiegars,hstiegarsog@earthlink.net,Portugal,Corolla,$410461.24
882,Adriaens,Mattingson,amattingsonoh@pbs.org,Russia,MKS,$122197.21
883,Melamie,Simmonite,msimmoniteoi@chronoengine.com,Botswana,Aero 8,$63662.58
884,Court,Aingell,caingelloj@adobe.com,Philippines,Sportvan G20,$309089.03
885,Iver,Wiseman,iwisemanok@51.la,Indonesia,C70,$318721.37
886,Westbrooke,Wych,wwychol@bravesites.com,Indonesia,Sterling,$151992.54
887,Stevy,O'Shiel,soshielom@noaa.gov,Portugal,V50,$216293.02
888,Willard,Eich,weichon@tripadvisor.com,United States,760,$33519.31
889,Lennie,Clissold,lclissoldoo@macromedia.com,Philippines,RX Hybrid,$38770.77
890,Corenda,Riddler,criddlerop@time.com,Poland,Grand Am,$200179.79
891,Galven,Gammade,ggammadeoq@baidu.com,United States,Echo,$46303.32
892,Lindie,Kahler,lkahleror@last.fm,Uganda,Savana 2500,$367752.16
893,Lucy,Griffey,lgriffeyos@nih.gov,Philippines,SLK-Class,$474811.70
894,Leroy,Bubear,lbubearot@alexa.com,El Salvador,HHR Panel,$21708.65
895,Rosina,Eusden,reusdenou@wix.com,Indonesia,X6 M,$23477.03
896,Augie,Hoffmann,ahoffmannov@vinaora.com,Brazil,GS,$331563.75
897,Reinhold,Lepard,rlepardow@pbs.org,Brazil,Montero Sport,$259642.63
898,Lauree,Sheldon,lsheldonox@ucoz.ru,France,Canyon,$488088.29
899,Cordie,Spellman,cspellmanoy@artisteer.com,Philippines,Grand Caravan,$389640.10
900,Hollyanne,Sharples,hsharplesoz@feedburner.com,Russia,2500,$119726.98
901,Anthe,Grzelewski,agrzelewskip0@abc.net.au,Japan,Camaro,$454212.01
902,Karisa,Michal,kmichalp1@php.net,Brazil,Rabbit,$145044.50
903,Mallissa,Checchi,mchecchip2@umn.edu,Tanzania,Brooklands,$67628.23
904,Esra,Gorges,egorgesp3@house.gov,Palestinian Territory,1 Series,$288097.15
905,Marnia,Vearncombe,mvearncombep4@tmall.com,Colombia,V8,$2938.97
906,Estella,Powter,epowterp5@tinyurl.com,Argentina,Sunbird,$254201.73
907,Berkie,Godilington,bgodilingtonp6@reference.com,Russia,ES,$28554.93
908,Bryan,Cockcroft,bcockcroftp7@hibu.com,Thailand,RVR,$439504.38
909,Kristel,Mutch,kmutchp8@php.net,Portugal,Highlander,$356279.75
910,Wylie,Lawther,wlawtherp9@woothemes.com,China,Regal,$224485.29
911,Elberta,Bewley,ebewleypa@wsj.com,Portugal,350Z,$86038.85
912,Calhoun,Gleder,cglederpb@ihg.com,China,Forester,$45755.87
913,Heriberto,Furphy,hfurphypc@dyndns.org,French Guiana,Montana SV6,$354460.82
914,Dasya,Leake,dleakepd@auda.org.au,Sweden,Riviera,$217796.50
915,Rozalin,Houchen,rhouchenpe@alexa.com,Argentina,RAV4,$289289.07
916,Alleen,Swains,aswainspf@cdc.gov,Cuba,Econoline E350,$37519.54
917,Angelina,Bertome,abertomepg@51.la,China,944,$124852.73
918,Nettle,Nester,nnesterph@cnet.com,Philippines,500E,$262974.26
919,Farrah,Ahlin,fahlinpi@tripadvisor.com,Armenia,Sable,$248921.78
920,Colene,Woodruff,cwoodruffpj@tuttocitta.it,Venezuela,5000S,$1481.91
921,Georas,Bernadot,gbernadotpk@google.pl,China,Elise,$39198.59
922,Twila,Choupin,tchoupinpl@dyndns.org,Brazil,Voyager,$49133.37
923,Myrle,Tunkin,mtunkinpm@nba.com,Portugal,XG350,$400671.93
924,Zeb,Marunchak,zmarunchakpn@phoca.cz,China,Explorer Sport Trac,$259871.94
925,Lenora,Udden,luddenpo@sphinn.com,Indonesia,Yaris,$452860.26
926,Libbie,Garnul,lgarnulpp@adobe.com,Morocco,Edge,$311321.34
927,Phillie,Dowse,pdowsepq@google.co.uk,China,Trans Sport,$231020.87
928,Massimiliano,Kewish,mkewishpr@edublogs.org,Poland,Caliber,$314731.47
929,Dickie,Fibbens,dfibbensps@usda.gov,Russia,Forester,$274373.41
930,Hedvige,Waszczyk,hwaszczykpt@marriott.com,Indonesia,Prizm,$28571.07
931,Obidiah,Briance,obriancepu@bravesites.com,Philippines,R8,$446616.50
932,Lindy,Kahan,lkahanpv@wordpress.org,China,Starion,$462097.10
933,Sasha,Macvain,smacvainpw@examiner.com,Czech Republic,9-3,$129050.72
934,Brenna,Huntly,bhuntlypx@whitehouse.gov,Guatemala,Aura,$455868.20
935,Lyn,Scallan,lscallanpy@globo.com,Ukraine,9-5,$361651.03
936,Sylas,Caldwell,scaldwellpz@unesco.org,Indonesia,MKX,$274934.95
937,Hubert,Oates,hoatesq0@bizjournals.com,Greece,Lynx,$28306.08
938,Leshia,Woolens,lwoolensq1@wufoo.com,China,F-Series,$308682.93
939,Flossie,Kun,fkunq2@google.ru,Albania,Century,$471817.56
940,Renata,Tomasek,rtomasekq3@behance.net,Libya,G35,$203560.73
941,Kaleb,Tiffin,ktiffinq4@sphinn.com,Syria,Camry,$55918.48
942,Nanice,Ridger,nridgerq5@walmart.com,Poland,Elantra,$165404.35
943,Tim,Dowle,tdowleq6@kickstarter.com,Armenia,Range Rover,$409541.41
944,Ricoriki,Redgrove,rredgroveq7@columbia.edu,Indonesia,R8,$226946.56
945,Teresina,Yitzovitz,tyitzovitzq8@about.com,China,Flex,$288350.12
946,Fawne,Creggan,fcregganq9@vimeo.com,Indonesia,Bonneville,$180952.85
947,Lila,Angric,langricqa@1688.com,Nepal,Montego,$120703.21
948,Dulcinea,Asp,daspqb@shop-pro.jp,United States,Tahoe,$49895.69
949,Scarlett,Blazic,sblazicqc@over-blog.com,France,Integra,$194643.63
950,Dixie,Acutt,dacuttqd@gnu.org,Philippines,M,$457638.36
951,Rafi,Wyard,rwyardqe@drupal.org,China,Trans Sport,$262193.98
952,Esmeralda,Trench,etrenchqf@sitemeter.com,China,E350,$75898.68
953,Marigold,Nutter,mnutterqg@dailymotion.com,Philippines,Navigator,$498583.36
954,Gates,Antonich,gantonichqh@comcast.net,Portugal,Savana Cargo Van,$121899.36
955,Twila,Riseam,triseamqi@addthis.com,Argentina,7 Series,$56870.64
956,Bear,Tolson,btolsonqj@ucoz.ru,China,Crown Victoria,$272896.31
957,Diann,McCook,dmccookqk@fastcompany.com,Peru,LR4,$259183.36
958,Dorey,Sango,dsangoql@bing.com,Brazil,S80,$176577.68
959,Zachery,Roback,zrobackqm@si.edu,Indonesia,Frontier,$294335.29
960,Esme,Langthorne,elangthorneqn@toplist.cz,Philippines,Mirage,$432579.10
961,Allayne,Hannond,ahannondqo@hhs.gov,Canada,Chevette,$383331.33
962,Nan,Wyles,nwylesqp@independent.co.uk,Nigeria,Spectra,$205621.33
963,Fran,Marie,fmarieqq@java.com,Nigeria,Sorento,$185693.57
964,Jacqueline,Eles,jelesqr@desdev.cn,Ukraine,M,$186171.33
965,Delila,Stiddard,dstiddardqs@ask.com,Czech Republic,Wrangler,$27968.70
966,Constantino,Pessolt,cpessoltqt@cbc.ca,Philippines,Skylark,$23422.82
967,Connie,Foley,cfoleyqu@gravatar.com,Ukraine,Pajero,$74766.88
968,Arielle,Cohen,acohenqv@admin.ch,China,Cougar,$275684.06
969,Liz,Trethowan,ltrethowanqw@examiner.com,China,Escape,$390990.46
970,Courtenay,Bowne,cbowneqx@hugedomains.com,Sudan,Wrangler,$126264.20
971,Shellie,McCrudden,smccruddenqy@hibu.com,Indonesia,Sunfire,$344182.11
972,Byran,Greenhalgh,bgreenhalghqz@squarespace.com,China,Mountaineer,$232451.63
973,Kalvin,Yakob,kyakobr0@stumbleupon.com,Indonesia,Cavalier,$459960.20
974,Dave,Ogborn,dogbornr1@hubpages.com,Russia,E350,$65417.62
975,Britt,Wylam,bwylamr2@opensource.org,Thailand,Corolla,$341561.57
976,Ottilie,Salzberger,osalzbergerr3@barnesandnoble.com,China,Bravada,$31375.85
977,Felisha,Revett,frevettr4@hexun.com,Vietnam,C-Class,$41346.14
978,Osbourn,Toft,otoftr5@slashdot.org,Indonesia,Expedition EL,$346522.82
979,Iago,Sauvage,isauvager6@odnoklassniki.ru,China,E-Class,$219243.54
980,Mord,Thomason,mthomasonr7@domainmarket.com,Canada,Truck,$433225.28
981,Lauren,Poppleston,lpopplestonr8@geocities.jp,Democratic Republic of the Congo,Paseo,$22124.68
982,Tomas,Ligerton,tligertonr9@opera.com,Ethiopia,Freelander,$185800.31
983,Adler,Grancher,agrancherra@answers.com,Russia,Tacoma,$167397.62
984,Thorny,Calafato,tcalafatorb@skyrock.com,Vietnam,Corvette,$238323.30
985,Radcliffe,Goldine,rgoldinerc@miitbeian.gov.cn,Indonesia,Wrangler,$157898.86
986,Gordon,Shireff,gshireffrd@nasa.gov,China,MX-6,$411402.71
987,Mattie,Imorts,mimortsre@vk.com,Cameroon,924,$204251.91
988,Deeyn,Ridd,driddrf@flavors.me,Paraguay,F150,$298779.10
989,Hugues,Bradtke,hbradtkerg@eventbrite.com,Czech Republic,S70,$411794.46
990,Hewie,Norewood,hnorewoodrh@scribd.com,Indonesia,CC,$299389.38
991,Lucie,Wellum,lwellumri@360.cn,China,S-Class,$401584.66
992,Dom,Godain,dgodainrj@cmu.edu,China,Odyssey,$48965.69
993,Nixie,Siddens,nsiddensrk@nature.com,France,LeSabre,$101527.72
994,Petronella,Allender,pallenderrl@epa.gov,Dominican Republic,Silverado 3500,$108195.91
995,Stan,Haugg,shauggrm@123-reg.co.uk,Indonesia,Ram 3500 Club,$117762.84
996,Maria,McGebenay,mmcgebenayrn@naver.com,Nicaragua,Sequoia,$464808.91
997,Juli,Potteridge,jpotteridgero@loc.gov,China,Courier,$391276.01
998,Dinnie,Hedon,dhedonrp@reuters.com,Sudan,RX,$465057.36
999,Becki,Price,bpricerq@patch.com,Egypt,Crown Victoria,$374316.35
1000,Berti,Summergill,bsummergillrr@rediff.com,Indonesia,Lancer,$308048.45
